filename,object_location,image_small,image_thumb
210a.jpg,/objects/210a.jpg,/objects/small/210a_sm.jpg,/objects/thumbs/210a_th.jpg
210b.jpg,/objects/210b.jpg,/objects/small/210b_sm.jpg,/objects/thumbs/210b_th.jpg
chao_pho_yi_ko_hong_shrine_01.jpg,/objects/chao_pho_yi_ko_hong_shrine_01.jpg,/objects/small/chao_pho_yi_ko_hong_shrine_01_sm.jpg,/objects/thumbs/chao_pho_yi_ko_hong_shrine_01_th.jpg
chao_pho_yi_ko_hong_shrine_02.jpg,/objects/chao_pho_yi_ko_hong_shrine_02.jpg,/objects/small/chao_pho_yi_ko_hong_shrine_02_sm.jpg,/objects/thumbs/chao_pho_yi_ko_hong_shrine_02_th.jpg
chao_pho_yi_ko_hong_shrine_03.jpg,/objects/chao_pho_yi_ko_hong_shrine_03.jpg,/objects/small/chao_pho_yi_ko_hong_shrine_03_sm.jpg,/objects/thumbs/chao_pho_yi_ko_hong_shrine_03_th.jpg
demo_001.jpg,/objects/demo_001.jpg,/objects/small/demo_001_sm.jpg,/objects/thumbs/demo_001_th.jpg
demo_002.pdf,/objects/demo_002.pdf,/objects/small/demo_002_sm.jpg,/objects/thumbs/demo_002_th.jpg
demo_003.mp3,/objects/demo_003.mp3,,
demo_004.jpg,/objects/demo_004.jpg,/objects/small/demo_004_sm.jpg,/objects/thumbs/demo_004_th.jpg
demo_005.txt,/objects/demo_005.txt,,
demo_012.md,/objects/demo_012.md,,
hells_half_theta.jpg,/objects/hells_half_theta.jpg,/objects/small/hells_half_theta_sm.jpg,/objects/thumbs/hells_half_theta_th.jpg
hughes_article.png,/objects/hughes_article.png,/objects/small/hughes_article_sm.jpg,/objects/thumbs/hughes_article_th.jpg
mae_sai_border_checkpoint.jpg,/objects/mae_sai_border_checkpoint.jpg,/objects/small/mae_sai_border_checkpoint_sm.jpg,/objects/thumbs/mae_sai_border_checkpoint_th.jpg
pantip_market_01.jpg,/objects/pantip_market_01.jpg,/objects/small/pantip_market_01_sm.jpg,/objects/thumbs/pantip_market_01_th.jpg
pantip_market_02.jpg,/objects/pantip_market_02.jpg,/objects/small/pantip_market_02_sm.jpg,/objects/thumbs/pantip_market_02_th.jpg
phrachan_market_02.jpg,/objects/phrachan_market_02.jpg,/objects/small/phrachan_market_02_sm.jpg,/objects/thumbs/phrachan_market_02_th.jpg
wat_prathatb_doi_wao_01.jpg,/objects/wat_prathatb_doi_wao_01.jpg,/objects/small/wat_prathatb_doi_wao_01_sm.jpg,/objects/thumbs/wat_prathatb_doi_wao_01_th.jpg
wat_prathatb_doi_wao_02.jpg,/objects/wat_prathatb_doi_wao_02.jpg,/objects/small/wat_prathatb_doi_wao_02_sm.jpg,/objects/thumbs/wat_prathatb_doi_wao_02_th.jpg
wat_rong_suea_ten_01.jpg,/objects/wat_rong_suea_ten_01.jpg,/objects/small/wat_rong_suea_ten_01_sm.jpg,/objects/thumbs/wat_rong_suea_ten_01_th.jpg
wat_rong_suea_ten_02.jpg,/objects/wat_rong_suea_ten_02.jpg,/objects/small/wat_rong_suea_ten_02_sm.jpg,/objects/thumbs/wat_rong_suea_ten_02_th.jpg
wat_rong_suea_ten_04.jpg,/objects/wat_rong_suea_ten_04.jpg,/objects/small/wat_rong_suea_ten_04_sm.jpg,/objects/thumbs/wat_rong_suea_ten_04_th.jpg
wat_rong_suea_ten_05.jpg,/objects/wat_rong_suea_ten_05.jpg,/objects/small/wat_rong_suea_ten_05_sm.jpg,/objects/thumbs/wat_rong_suea_ten_05_th.jpg
wat_saeng_kaew_phothiyan_02.jpg,/objects/wat_saeng_kaew_phothiyan_02.jpg,/objects/small/wat_saeng_kaew_phothiyan_02_sm.jpg,/objects/thumbs/wat_saeng_kaew_phothiyan_02_th.jpg
wat_saeng_kaew_phothiyan_03.jpg,/objects/wat_saeng_kaew_phothiyan_03.jpg,/objects/small/wat_saeng_kaew_phothiyan_03_sm.jpg,/objects/thumbs/wat_saeng_kaew_phothiyan_03_th.jpg
